student,quiz1,quiz2,quiz3,test1,test2
Section 1,,,,,
Alice,0.9230769,1.0,0.9,0.71,1.0
Eve,Excused,0.5833333,1.0,0.49,0.88
Bob,0.84615386,0.8333333,0.8,0.555,0.96666664
Section 2,,,,,
Joe,0.7692308,0.8333333,0.8666667,0.625,0.91333336
Frank,0.7307692,0.9166667,0.4,0.665,0.93333334
Gordon,0.53846157,0.9166667,0.53333336,0.7,1.0066667
,,,,,
Total,1.0,1.0,1.0,1.0,1.0
