student,quiz1,quiz2,quiz3,test1,test2
Section 1,,,,,
Alice,0.9230769,12,13.5,142,150
Eve,Excused,7,15,98,132
Bob,0.84615386,10,12,111,145
Section 2,,,,,
Joe,0.7692308,10,13,125,137
Frank,0.7307692,11,6,133,140
Gordon,0.53846157,11,8,140,151
,,,,,
Total,1.0,12,15,200,150
