Students,hw1,hw2,hw3,hw4,hw5,quiz1,quiz2,quiz3,quiz4,quiz5,test1,test2,final
Dan,90,92,83,76,89,97.0,93.0,91.0,103.0,96.0,92,89,85
Trevor,85,89,92,91,98,91.0,93.0,97.0,94.0,81.0,83,92,90
Mark,88,86,95,94,93,97.0,94.0,95.0,83.0,84.0,90,82,88
Bob,76,72,68,78,85,93.0,86.0,97.0,105.0,89.0,83,92,82
Extra Variables,,,,,,,,,,,,,,
quiz_avg,0.87950003,,,,,,,,,,,,,
quiz_avg_1,0.9294999,,,,,,,,,,,,,
